WD-G2CF	B082D1VZ4P	OK	$49.99
WD-G2MRO	B0G5WFBH2L	OK	$115.99
WD-G2P6MRO	B0G5WH8R24	OK	$125.99
WD-G3-CF	B07NZSSBWC	OK	$49.99
WD-G3-N3CB	B07NXQ3S87	OK	$49.99
WD-G3P600-RO	B0BN3XGDJB	OK	$149.99
WD-G3P800-N2RO	B0CP3L6MZS	OK	$199.99
WD-G5P500-CF	B0DP4KLRVD	OK	$133.33
WD-G5P500A-CF	B0DP4LC2GC	OK	$59.99
WD-G5P500-RO	B0DP4KRJBQ	OK	$129.99
WD-K19RF	B0B253V5GT	OK	$99.98
ASR211	B083HX8V17	OK	$59.99
ASR212-600G	B083HY6BT7	OK	$125.99
ASR212-800G	B0B6VFG7HT	OK	$139.99
FZ-4	B083LYKGWG	OK	$49.99
FP15	B01FH8SHJK	OK	$7.44
FG15	B01FH8SHDQ	OK	$12.98
FC15	B00S5E5NJQ	OK	$11.98
MC7	B007TBB69W	OK	$42.68
FT15	B01FH8SV0K	OK	$12.98
FA15	B00FBLGD1S	OK	$27.68
M2S	B0DZ1Z586M	OK	$50.66
RO-2.0S	B0DZ24Z8DC	OK	$78.61
Q2S	B0DZ293M29	OK	$50.66
ROPOT-SET4	B0CPBSDNHC	OK	$194.94
ROPOT-SET1Y	B0CPBQX73Q	OK	$112.20
ROPOT-PP	B09P8WS5MK	OK	$48.60
ROPOT-CTO	B09P8VX5SX	OK	$42.97
ROPOT-PCF	B09P8WNGRZ	OK	$48.49
