WD-G2CF	B082D1VZ4P	OK	35,99€
WD-G2MRO	B0DGT4Y82P	OK	89,99€
WD-G2P6MRO	B09Q5ZDMV9	OK	112,99€
WD-G3-CF	B07NZSSBWC	OK	34,99€
WD-G3-N3CB	B07NXQ3S87	OK	34,99€
WD-G3P600-RO	B0BN3XGDJB	OK	118,95€
WD-G3P800-N2RO	B0999257WG	OK	139,99€
WD-G5P500-CF	B0DZ61R2DW	OK	31,99€
WD-G5P500A-CF	B0DZ62Q5SF	OK	35,99€
WD-G5P500-RO	B0DZ5ZR386	OK	99,99€
WD-K19RF	B0B2897DFT	OK	79,99€
WD-K19RFG	B0FPFQPLGF	OK	89,00€
ASR211	B083HX8V17	OK	33,99€
ASR212-600G	B083HY6BT7	OK	89,99€
ASR212-800G	B0B6VFG7HT	OK	109,99€
FZ-4	B083LYKGWG	OK	31,99€
FP15	B01FH8SHJK	OK	9,99€
FG15	B01FH8SHDQ	OK	11,99€
FC15	B00S5E5NJQ	OK	12,99€
MC7	B007TBB69W	OK	34,99€
FT15	B01FH8SV0K	OK	12,99€
FA15	B00FBLGD1S	OK	27,99€
M2S	B0DZ1Z586M	SIN_COMPRA	
RO-2.0S	B0DZ24Z8DC	OK	49,99€
Q2S	B0DZ293M29	OK	39,99€
ROPOT-SET4	B0CPBSDNHC	OK	256,95€
ROPOT-SET1Y	B0CPBQX73Q	OK	151,99€
ROPOT-PP	B09P8WS5MK	OK	75,65€
ROPOT-CTO	B09P8VX5SX	OK	
ROPOT-PCF	B09P8WNGRZ	OK	
