WD-G2CF	B082D1VZ4P	OK	
WD-G2MRO	B0DGT4Y82P	OK	
WD-G2P6MRO	B09Q5ZDMV9	OK	
WD-G3-CF	B07NZSSBWC	OK	
WD-G3-N3CB	B07NXQ3S87	OK	
WD-G3P600-RO	B0BN3XGDJB	OK	
WD-G3P800-N2RO	B0999257WG	SIN_COMPRA	
WD-G5P500-CF	B0DZ61R2DW	SIN_COMPRA	
WD-G5P500A-CF	B0DZ62Q5SF	SIN_COMPRA	
WD-G5P500-RO	B0DZ5ZR386	OK	
WD-K19RF	B0B2897DFT	OK	
WD-K19RFG	B0FPFQPLGF	OK	
ASR211	B083HX8V17	OK	
ASR212-600G	B083HY6BT7	OK	
ASR212-800G	B0B6VFG7HT	OK	
FZ-4	B083LYKGWG	OK	
FP15	B01FH8SHJK	SIN_COMPRA	
FG15	B01FH8SHDQ	OK	
FC15	B00S5E5NJQ	OK	
MC7	B007TBB69W	OK	
FT15	B01FH8SV0K	OK	
FA15	B00FBLGD1S	SIN_COMPRA	
M2S	B0DZ1Z586M	OK	
RO-2.0S	B0DZ24Z8DC	OK	
Q2S	B0DZ293M29	OK	
ROPOT-SET4	B0CPBSDNHC	OK	
ROPOT-SET1Y	B0CPBQX73Q	OK	
ROPOT-PP	B09P8WS5MK	OK	
ROPOT-CTO	B09P8VX5SX	OK	
ROPOT-PCF	B09P8WNGRZ	OK	
