WD-G2CF	B082D1VZ4P	OK	US$29.99
WD-G2MRO	B0G5WFBH2L	OK	US$89.99
WD-G2P6MRO	B0G5WH8R24	OK	US$99.99
WD-G3-CF	B07NZSSBWC	OK	US$29.99
WD-G3-N3CB	B07NXQ3S87	OK	US$29.99
WD-G3P600-RO	B0BN3XGDJB	OK	US$109.99
WD-G3P800-N2RO	B0CP3L6MZS	OK	US$139.99
WD-G5P500-CF	B0DP4KLRVD	OK	US$35.99
WD-G5P500A-CF	B0DP4LC2GC	OK	US$39.99
WD-G5P500-RO	B0DP4KRJBQ	OK	US$89.99
WD-K19RF	B0B253V5GT	OK	US$68.99
WD-K19RFG	B0FPFQPLGF	SIN_COMPRA	
ASR211	B083HX8V17	OK	US$33.99
ASR212-600G	B083HY6BT7	OK	US$85.99
ASR212-800G	B0B6VFG7HT	OK	US$99.99
FZ-4	B083LYKGWG	OK	US$29.99
FP15	B01FH8SHJK	OK	US$13.99
FG15	B01FH8SHDQ	OK	US$9.78
FC15	B00S5E5NJQ	OK	US$17.08
MC7	B007TBB69W	OK	US$35.19
FT15	B01FH8SV0K	SIN_COMPRA	
FA15	B00FBLGD1S	SIN_COMPRA	
M2S	B0DZ1Z586M	OK	US$29.99
RO-2.0S	B0DZ24Z8DC	OK	US$49.99
Q2S	B0DZ293M29	OK	US$29.99
ROPOT-SET4	B0CPBSDNHC	OK	US$149.96
ROPOT-SET1Y	B0CPBQX73Q	OK	US$89.97
ROPOT-PP	B09P8WS5MK	OK	US$29.99
ROPOT-CTO	B09P8VX5SX	OK	US$29.99
ROPOT-PCF	B09P8WNGRZ	OK	US$29.99
